stimulus_id,condition,stimulus,pPMI_lag2
243sentences.0,within_sent_random_lowPMI,habitats conservation encourages the beekeeping of local,19.94591747834939
243sentences.1,within_sent_random_lowPMI,to produce interest it plants every pollen is local conserve in that beekeeper's,27.95866487848439
243sentences.2,within_sent_random_lowPMI,that crops agriculture a of for form not way to vegetation native cleared make does as require be passive it,55.24703034415582
243sentences.3,within_sent_random_lowPMI,kill also beekeepers the discourage of use crops the on they pesticides could honeybees because,46.63466509905033
243sentences.4,within_sent_random_lowPMI,product is go for artisanal but the to craft beekeepers extremes effort their their worth,29.738900292089482
243sentences.5,within_sent_random_lowPMI,artisanal and and over honey-making quality emphasizes quantity character consistency,20.547532862618674
243sentences.6,within_sent_random_lowPMI,micromanagers become produce of honey to finest the their honeybees beekeepers,28.43917926836723
243sentences.7,within_sent_random_lowPMI,select the best extract and flows to when scout ways know honey nectar fields they the,34.85894762051781
243sentences.8,within_sent_random_lowPMI,hive fills as of the 40000 the beekeeper opens air bees deep the the hum,50.79325466515003
243sentences.9,within_sent_random_lowPMI,pollen honey nursery supplies beekeeper bee and checks the stores the,25.267100038834595
243sentences.10,within_sent_random_lowPMI,and across they're arms sting hands they but because bees don't bare his crawl gentle,32.82428434908743
243sentences.11,within_sent_random_lowPMI,i'm no about college have longer dream though recurring i exams in a even,23.863469525826716
243sentences.12,within_sent_random_lowPMI,my exam realize dream the my i've never suddenly and class to it's gone day i of in final,27.70106817388483
243sentences.13,within_sent_random_lowPMI,reading even assignments i've the never done any of,18.027893699532267
243sentences.14,within_sent_random_lowPMI,have people nightmare same other know who i the many,16.760817575296695
243sentences.15,within_sent_random_lowPMI,experience morning had study write the to dream night from in each participants the their down previous,48.3700012171883
243sentences.16,within_sent_random_lowPMI,dreams recalled intensity if each recorded and any and they described dream emotional its they,20.223499465584734
243sentences.17,within_sent_random_lowPMI,participants bad each then assigned a a or to flying such category nightmare dream dream a dream as a,64.52511041870886
243sentences.18,within_sent_random_lowPMI,when sleep are as night our are while every awake we minds as we active,40.976210517858775
243sentences.19,within_sent_random_lowPMI,ninety the we cycles in of about night throughout minutes each dream,17.95943942222284
243sentences.20,within_sent_random_lowPMI,can fill our strange of and and combinations dreams places stories feelings characters images,28.084927680550127
243sentences.21,within_sent_random_lowPMI,things when decided cards bad start to to i playing from worse went,21.533688329123642
243sentences.22,within_sent_random_lowPMI,i had doing and do had $10000 spent already i it to close to gambling was something,37.03281033829952
243sentences.23,within_sent_random_lowPMI,me my friends were away sick of gamble savings watching my,30.70727435236061
243sentences.24,within_sent_random_lowPMI,was after a the money not part leaving have i did the losing hardest of casino horror,32.292404623940584
243sentences.25,within_sent_random_lowPMI,on to economic legalized data by come the effects are and social good hard gambling of,38.01103643507562
243sentences.26,within_sent_random_lowPMI,a indicate problems likely gambling casino some studies more makes that nearby having,38.18353041812151
243sentences.27,within_sent_random_lowPMI,also gambling marriage and associated personal with may be problems bankruptcies,28.924339712263798
243sentences.28,within_sent_random_lowPMI,the expansion been generation of past over dramatic gambling has a there legalized,32.08470483966492
243sentences.29,within_sent_random_lowPMI,casinos states and instituted lotteries have well have many most as,34.57596353592102
243sentences.30,within_sent_random_lowPMI,business become controversial very but gambling has big,21.3986567811865
243sentences.31,within_sent_random_lowPMI,a wind in house kitchen from the shattering the hurricane the the shook window,47.246401104213255
243sentences.32,within_sent_random_lowPMI,ran door surrendered some hurricane the grabbed the slammed food to we and kitchen in the,35.30098862645208
243sentences.33,within_sent_random_lowPMI,house ripped be afraid its our foundation i from was would,16.43200953006344
243sentences.34,within_sent_random_lowPMI,fell night later with that shaking the the huddled the we house asleep sofa wind on,37.577030757880564
243sentences.35,within_sent_random_lowPMI,can off off and their foundations houses trees suck of hurricanes limbs tear,29.75751435960033
243sentences.36,within_sent_random_lowPMI,dump rains mudslides floods they trigger that and heavy can,22.02116951223486
243sentences.37,within_sent_random_lowPMI,a water that a bring ocean surge of can hurricanes storm onto also land wall lurches,32.098259596063286
243sentences.38,within_sent_random_lowPMI,several evidence scientists methods to hurricanes use for look of ancient,28.837537906527356
243sentences.39,within_sent_random_lowPMI,the strongest coastal at of windblown the of lakes deposited beach sand layers storms bottoms,67.01052451671971
243sentences.40,within_sent_random_lowPMI,by drenched record growth hurricanes preserve storm their rings trees of a passing in each,33.95279945369451
243sentences.41,within_sent_random_lowPMI,is world different different american the exported ice preferences countries have cream around but,28.17274098130309
243sentences.42,within_sent_random_lowPMI,ice enjoy people many cream delicacies local their flavored with,45.922322141426136
243sentences.43,within_sent_random_lowPMI,tropical fresh cream topped and mangos vanilla some is places ice bananas with in,49.76628421269631
243sentences.44,within_sent_random_lowPMI,making at cream i a as ice remember child home,11.701587434630198
243sentences.45,within_sent_random_lowPMI,tub it cream start a then the we the cold the into turning to mixture crank frozen expose to poured,62.25700573119544
243sentences.46,within_sent_random_lowPMI,eventually i couldn't the hand enough turn more it froze crank that any,14.316815475239649
243sentences.47,within_sent_random_lowPMI,the harden cream put of into half-frozen then the freezer to i ice container,32.69716155383294
243sentences.48,within_sent_random_lowPMI,half flavorings and is cream to milk mixture ice up or sugar cream air whipped-in a of,52.09570405803301
243sentences.49,within_sent_random_lowPMI,what the butterfat smooth cream is and and in it makes silky milk,36.06873395526974
243sentences.50,within_sent_random_lowPMI,cream premium is natural high-priced ice butterfat and loaded flavorings with,44.8201594892946
243sentences.51,within_sent_random_lowPMI,chair use mower my the hurt i uncomfortable lawn makes the when back riding,31.937107108116503
243sentences.52,within_sent_random_lowPMI,use control i two front machine the to me the levers of in,27.203221259507426
243sentences.53,within_sent_random_lowPMI,grass sharp sever underneath of the mower the blade each lawn blades precisely,44.26275140689957
243sentences.54,within_sent_random_lowPMI,long task a taught patience mowing and has is me the lawn it,25.713955097400827
243sentences.55,within_sent_random_lowPMI,cut grass that a a an mower machine to is height even lawn revolving blades with,43.26008878903277
243sentences.56,within_sent_random_lowPMI,motor muscle or have the machine blades by the may a may powered be,39.45632099678944
243sentences.57,within_sent_random_lowPMI,the mowers is small source power for engine most common lawn a gas,39.25990372033738
243sentences.58,within_sent_random_lowPMI,the for they create not emissions because environment do electric lawnmowers are better,24.58651099940846
243sentences.59,within_sent_random_lowPMI,and they less less to also expensive maintenance run are need,24.693695820192872
243sentences.60,within_sent_random_lowPMI,an as lawn toaster use electric as mowers much electricity ordinary,41.84030304044187
243sentences.61,within_sent_random_lowPMI,for long astronauts a their spacewalks time train,19.8713557007735
243sentences.62,within_sent_random_lowPMI,much underwater conducted their of training is,17.185917822130698
243sentences.63,within_sent_random_lowPMI,10 every to floating pool hour will in in may they they the space 8 hours for spend spend,44.899122689859645
243sentences.64,within_sent_random_lowPMI,outside able on perform practice repair the and the construction to work space astronauts be station to of,54.748647382087185
243sentences.65,within_sent_random_lowPMI,test many flights commanders always and pilots as of are the military backgrounds shuttle have pilots,52.55192252503552
243sentences.66,within_sent_random_lowPMI,engineers run astronauts doctors in experiments as and who are scientists can other trained space,40.977944777483074
243sentences.67,within_sent_random_lowPMI,diverse were men now early crews much but more young all astronauts are,28.76112401750848
243sentences.68,within_sent_random_lowPMI,exterior shuttle the floated the to out astronauts together of team the of space,48.01262277994914
243sentences.69,within_sent_random_lowPMI,telescope on part they broken repair to the the needed carried tools huge,29.68626125411515
243sentences.70,within_sent_random_lowPMI,bolts the while the the part the loosened astronaut other place fitted one on replacement pipe into,39.537329153056824
243sentences.71,within_sent_random_lowPMI,by in used long computers a been experimental for art have time artists,33.86550810531555
243sentences.72,within_sent_random_lowPMI,and art entered widespread affordable the are have mainstream computers world computer now more that graphics,37.55457735723668
243sentences.73,within_sent_random_lowPMI,some technology science have showcase computer graphics the exhibitions that art conferences latest,48.31950979717646
243sentences.74,within_sent_random_lowPMI,have cultures to two up are that conferences new bridging sprung devoted the brand,26.634171091786804
243sentences.75,within_sent_random_lowPMI,graphics procedures doctors works visualize computer conditions to medical and the surgical specialist with,43.643602682312405
243sentences.76,within_sent_random_lowPMI,structures uses animation to doctors a patient's body she understand help within digital,10.70082289100301
243sentences.77,within_sent_random_lowPMI,an at screen structures is in much than internal a x-rays on seeing animation clearer the squinting,32.025999119386
243sentences.78,within_sent_random_lowPMI,tool digital powerful is for animation a modern education,34.304180218118915
243sentences.79,within_sent_random_lowPMI,help graphics the as field ask broadens actually computer of if must we graphics students,34.98317097822021
243sentences.80,within_sent_random_lowPMI,does and digital classroom can vivid in research the that be suggest engaging imagery effective,33.935792395092804
243sentences.81,within_sent_random_lowPMI,reason first school to was came place the the law he cliche in,28.105135889824492
243sentences.82,within_sent_random_lowPMI,wanted better change the things he to for,16.11752954276574
243sentences.83,within_sent_random_lowPMI,pulled school at the all-nighter director one he he an evening program when had recalled law and,35.065081261459554
243sentences.84,within_sent_random_lowPMI,drafting several evicted families they at petition for finally sunrise a finished,32.21353848034243
243sentences.85,within_sent_random_lowPMI,education the past has legal up four cost the relentlessly decades gone over of,29.5827859003922
243sentences.86,within_sent_random_lowPMI,by the school 1970s private four factor increased since law a of tuition,28.30779535699909
243sentences.87,within_sent_random_lowPMI,eventually lawyers new admission crash could school the for for law and market to,31.208833869160017
243sentences.88,within_sent_random_lowPMI,law law minimal faculty actually often school in have experience practicing,30.08717513754425
243sentences.89,within_sent_random_lowPMI,journals articles prestigious law on for review professors focus writing,37.74526919792794
243sentences.90,within_sent_random_lowPMI,on feudal schools property in topics with theoretical often law law emphasize the classes england like,34.09606909243224
243sentences.91,within_sent_random_lowPMI,increasingly preventive involved in pharmacists care are,24.27396775623136
243sentences.92,within_sent_random_lowPMI,people because advisers pharmacies are health go becoming they front-line to often,21.840238341686515
243sentences.93,within_sent_random_lowPMI,about public of are a information good often source pharmacists health,24.343065284785
243sentences.94,within_sent_random_lowPMI,know consult because lot effects drug side doctors pharmacists about with they and a interactions,28.598463741280355
243sentences.95,within_sent_random_lowPMI,to the about of safe pharmacists offer prescription patients dispense and use medications advice drugs,53.81374231535934
243sentences.96,within_sent_random_lowPMI,screenings also provide and and health they vaccines conduct wellness,26.899967479629645
243sentences.97,within_sent_random_lowPMI,have two pass professional in licensed and to order degrees must pharmacists exams be,36.865398569525325
243sentences.98,within_sent_random_lowPMI,as chose pharmacist think to profession chose i as the a much me be pharmacy i,33.93669532525696
243sentences.99,within_sent_random_lowPMI,neatly child bottles in by as the a pharmacies fascinated arranged was i,29.525486054314356
243sentences.100,within_sent_random_lowPMI,the it's know but love cliche have impact i i patients lives my that i on of,26.161076922069963
243sentences.101,within_sent_random_lowPMI,potentially her person to or situations has each response his stressful own,25.62323850260607
243sentences.102,within_sent_random_lowPMI,person by may while stressful one unemployment may fulltime devastated another be working find,24.717146336141056
243sentences.103,within_sent_random_lowPMI,are everyday like there being in traffic stresses stuck,22.295643122327746
243sentences.104,within_sent_random_lowPMI,of divorce are a child also there traumatic such loss stresses or as,36.23420864246385
243sentences.105,within_sent_random_lowPMI,people of can stress different some adapt levels to,25.426413098983183
243sentences.106,within_sent_random_lowPMI,stress health dealt a though not with toll take if effectively real can on,23.56124436641122
243sentences.107,within_sent_random_lowPMI,stress to that harmful beneficial it your remember it's be reaction will if that determines or,43.43314024511919
243sentences.108,within_sent_random_lowPMI,company worried stressed my downsizing i and was when incredibly felt,22.44696137975253
243sentences.109,within_sent_random_lowPMI,race for dizzy i reason heart at even no would my and felt times,19.100833699325488
243sentences.110,within_sent_random_lowPMI,manage then yoga i to to taking stress my level started try,16.466807101285216
243sentences.111,within_sent_random_lowPMI,jet satin tuxedo the with man wore stripes black a,56.79831596488891
243sentences.112,within_sent_random_lowPMI,latest made cut rich style with was in the fabric it,21.8492228768483
243sentences.113,within_sent_random_lowPMI,man he it fit as tailored had clearly it perfectly the,27.583621255624728
243sentences.114,within_sent_random_lowPMI,professional out would have something formal looked picked for like stylist event it a a,35.51159090342683
243sentences.115,within_sent_random_lowPMI,still grooms the statements personal making tuxedo preferred are is attire today's while in wedding,32.96458696382948
243sentences.116,within_sent_random_lowPMI,the fashion shorter of wedding on cutting jackets are men edge for,20.8157082143554
243sentences.117,within_sent_random_lowPMI,tuxedos shirts up also colorful their grooms and satin are jazzing with ties,41.808950468661024
243sentences.118,within_sent_random_lowPMI,silk jacket a with black tuxedo tailless a is jacket dinner lapels,93.50251080986408
243sentences.119,within_sent_random_lowPMI,a black perfect should the to jacket trousers tie be tuxedo match,34.462584855446025
243sentences.120,within_sent_random_lowPMI,the jacket match and should and plain black should be white the be the shirt lapels always tie,43.62211945601499
243sentences.121,within_sent_random_lowPMI,pianist went adulthood in blind the concert,17.762262566511236
243sentences.122,within_sent_random_lowPMI,her slowly was genetic blindness by eyes the condition a damaged that caused,31.37678049861557
243sentences.123,within_sent_random_lowPMI,told that advantage a she blind to interviewers being an was pianist,28.471203877981754
243sentences.124,within_sent_random_lowPMI,she concentrate had so music visual her she more no on fully could distractions,27.32991220314273
243sentences.125,within_sent_random_lowPMI,for the vision activities life defines insufficient as of blindness the ordinary government,32.52102789908048
243sentences.126,within_sent_random_lowPMI,blind resources by legal legally the parameters focused establishing of the can on be blindness,38.70197264844915
243sentences.127,within_sent_random_lowPMI,have this vision who who overlook do but meet may standard not those problems the,31.80104486359373
243sentences.128,within_sent_random_lowPMI,countries in disease by blindness is children and in usually infectious caused deficiencies nutritional developing,53.754090904469315
243sentences.129,within_sent_random_lowPMI,supplements be causes by can and often prevented these vitamin medicine,17.914572520350568
243sentences.130,within_sent_random_lowPMI,developed caused likely to genetic countries in is more by blindness be problems,21.26396641905009
243sentences.131,within_sent_random_lowPMI,no one exactly your brain to taste really mouth how from gets knows your a,40.35618491465059
243sentences.132,within_sent_random_lowPMI,process the a molecule a think bud touches of begins food when scientists cell taste,38.97350758703296
243sentences.133,within_sent_random_lowPMI,carries a taste beneath message cell cell nerves to the taste the,32.04608979281703
243sentences.134,within_sent_random_lowPMI,once bud to of it the basic one taste responded believed that each tastes was four,30.193756295816122
243sentences.135,within_sent_random_lowPMI,of on only is you tip sweet something taste the a were if the that tongue respond eating bud would,46.726839638695004
243sentences.136,within_sent_random_lowPMI,sensitive now single a to all bud basic can of the think taste that scientists be tastes,39.60886688821779
243sentences.137,within_sent_random_lowPMI,sense isn't my eat good of strong foods with very flavors to so i very tend taste,31.62537814072501
243sentences.138,within_sent_random_lowPMI,of sauce coffee i like no very so drink with bitter i it's hot and lots cream my,41.48437129848857
243sentences.139,within_sent_random_lowPMI,so cookies extra add can't i when sweetness taste i i even well sugar make,31.209676254921266
243sentences.140,within_sent_random_lowPMI,real hip problem are aging for fractures a individuals,24.62446407992073
243sentences.141,within_sent_random_lowPMI,the difficult of with and are healing process pain faced break the of the patients,32.73261861645804
243sentences.142,within_sent_random_lowPMI,loss the adjust have independence patient's to of to families,16.15574476432994
243sentences.143,within_sent_random_lowPMI,fractures substantial hospital and for hip and involve society in time the expense,28.226861042770228
243sentences.144,within_sent_random_lowPMI,heard snapping halfway the like a fingers race someone sound i through their,28.67804856129392
243sentences.145,within_sent_random_lowPMI,and that my foot i instantly a knew i felt broken was crunch,24.109806933669066
243sentences.146,within_sent_random_lowPMI,running every on felt spikes like step,17.71366178539612
243sentences.147,within_sent_random_lowPMI,the at office clearly x-ray fracture the the doctor's afterward showed,14.378833226237488
243sentences.148,within_sent_random_lowPMI,are types a few bone different fracture of there,30.330213049165625
243sentences.149,within_sent_random_lowPMI,broken the fractures but the is simple skin bone closed or is intact in,38.7336767876096
243sentences.150,within_sent_random_lowPMI,the compound and broken punctured or an in the has skin fractures bone open wound produced open,56.80642489198959
243sentences.151,within_sent_random_lowPMI,not ear new cleaned become infected piercings if can they're carefully,18.3791588555322
243sentences.152,within_sent_random_lowPMI,around the infection or tenderness redness earlobe signs of swelling include,34.39433029761049
243sentences.153,within_sent_random_lowPMI,if these clean ointment the some area you and see symptoms apply,21.15778597427932
243sentences.154,within_sent_random_lowPMI,provider if the health your don't redness away care contact and swelling go,30.951025697891637
243sentences.155,within_sent_random_lowPMI,to hospital new initiated has local infections reduce a measures,24.221857662740547
243sentences.156,within_sent_random_lowPMI,infected improved are hand that from patients have and ensured patients habits isolated washing other they,31.09452767851337
243sentences.157,within_sent_random_lowPMI,since began rates measures hospital the has infection drop new seen the,21.642540112639324
243sentences.158,within_sent_random_lowPMI,wound scrubbing delays increases which a the soap risk with infection healing alcohol or of,50.57904959422637
243sentences.159,within_sent_random_lowPMI,band-aids heat infection moisture in can risk and holding by of the increase,28.69662444907784
243sentences.160,within_sent_random_lowPMI,can be easily fortunately infections they are most once skin treated diagnosed,45.30452434714378
243sentences.161,within_sent_random_lowPMI,sixteenth end modern of opera started at the century the,24.66873611826275
243sentences.162,within_sent_random_lowPMI,and to it an effort as rediscover imitate began tragic performance greek,23.58321630706799
243sentences.163,within_sent_random_lowPMI,their antiquity subject early tales for matter founders of chose opera from,26.64965281054637
243sentences.164,within_sent_random_lowPMI,traditions different out branched operas stories into sources of later and musical,32.621006707543174
243sentences.165,within_sent_random_lowPMI,music that singers in words and form is a and play perform opera art combines which an musicians,57.2733922282841
243sentences.166,within_sent_random_lowPMI,acting such spoken the incorporates of costumes theatre it of elements and scenery as many,39.70548664515335
243sentences.167,within_sent_random_lowPMI,opera orchestra typically accompanied given an and house are by an performances in,33.60274094532674
243sentences.168,within_sent_random_lowPMI,has opera the the role the win production hard worked new singer in to,34.32303122511873
243sentences.169,within_sent_random_lowPMI,just her not job about singing is,19.964486487326127
243sentences.170,within_sent_random_lowPMI,critical presence all acting and interpretation musical stage are,17.264600970324047
243sentences.171,within_sent_random_lowPMI,certainly star voice pure but of show the the her strong is,22.839079327811852
243sentences.172,within_sent_random_lowPMI,must in a a while painting completing keep elements many painter mind,27.342861884651903
243sentences.173,within_sent_random_lowPMI,and solid like has design composition to she lighting strong elements of use,22.265139174423343
243sentences.174,within_sent_random_lowPMI,the skill she brush execute with has to strokes,14.387398876323545
243sentences.175,within_sent_random_lowPMI,a most the content the the painter's of reveal importantly of painting should glimpse soul,28.441196856317514
243sentences.176,within_sent_random_lowPMI,painters creative employed artisans than long as skilled artists as ago more were,45.720526203273344
243sentences.177,within_sent_random_lowPMI,and court of the prominent however had status the members of scholars painters royal social,32.44046940482935
243sentences.178,within_sent_random_lowPMI,their their subject on a they personal patrons its and signed with established imagery and work decided relationship,44.305529847108296
243sentences.179,within_sent_random_lowPMI,to the on painting i on the and actual as focus learned painter scene itself less more a,36.99068538383803
243sentences.180,within_sent_random_lowPMI,artist's that within eye of not is camera a to has lens vision an everything its field record,39.86824559500533
243sentences.181,within_sent_random_lowPMI,but more useful needed painting i than good is provides for a nature found information,40.026989489550346
243sentences.182,within_sent_random_lowPMI,impressive owl eagle the is bird an,28.64872997832977
243sentences.183,within_sent_random_lowPMI,ear like has stick horns up tufts it that,19.87032394890684
243sentences.184,within_sent_random_lowPMI,they pierce right creepy you orange through like are eyes downright could and large look its,36.98893709172153
243sentences.185,within_sent_random_lowPMI,this hunts flying swiftly at the night and silently darkness owl through,43.518332991981794
243sentences.186,within_sent_random_lowPMI,species while become are have owl others endangered some thriving,26.674181158884107
243sentences.187,within_sent_random_lowPMI,well owl previous beyond its has spread barred the habitat,32.03770050193398
243sentences.188,within_sent_random_lowPMI,early findings facilitated that may logging owl's invasion suggest have the barred,20.02372785287913
243sentences.189,within_sent_random_lowPMI,branch talons landed her a owl it thick the on and with gripped,31.563466805758146
243sentences.190,within_sent_random_lowPMI,eye wings settled pressed half-closing she to and sides down her an her,27.418202646272146
243sentences.191,within_sent_random_lowPMI,for of have she eyes been glow might her statue a the but,22.771603518329268
243sentences.192,within_sent_random_lowPMI,floating unnerving watch a bear across sea to it's stalk ice polar,26.4875354605062
243sentences.193,within_sent_random_lowPMI,beneath in when frigid even the it's huge directly the submerged waters you animal are worse,38.69763671691933
243sentences.194,within_sent_random_lowPMI,paws polar set overhead down the its the as ice giant prey bear on pursued,41.69060897130355
243sentences.195,within_sent_random_lowPMI,crew i shots as capturing film months polar spent documentary for a bear the part of these,43.74328020138337
243sentences.196,within_sent_random_lowPMI,people polar than the or of for attack other confusion reasons will animals one fear bears few that are,44.2055503128006
243sentences.197,within_sent_random_lowPMI,may environment live a attack they out they food-scarce hunger of in because,21.049946643159426
243sentences.198,within_sent_random_lowPMI,up to sneak slowly people their energy they careful on conserve will,32.334001334155545
243sentences.199,within_sent_random_lowPMI,bear's an diet seal part polar is the the of important,16.357888148029172
243sentences.200,within_sent_random_lowPMI,when are on ice will seals stalk or that breathing a hole they seal's basking wait the hunting by,47.77333477983584
243sentences.201,within_sent_random_lowPMI,the crawl bear quietly place seal freeze around in looks when polar the will and forward,33.55940426989019
243sentences.202,within_sent_random_lowPMI,not castle a structure for was the defense built primarily medieval,28.626709617395026
243sentences.203,within_sent_random_lowPMI,its its to was surroundings dominate purpose,14.927699737264314
243sentences.204,within_sent_random_lowPMI,walk castle a day's easily lands control within a could,18.988958773198174
243sentences.205,within_sent_random_lowPMI,protection inside peasants attack brought property walls of castle's could and times livestock be the for during,25.23575801175701
243sentences.206,within_sent_random_lowPMI,stormy in castles dramatic of the locations history provide record many of a regions spectacular,52.63252758011014
243sentences.207,within_sent_random_lowPMI,cliffs beautiful and stand quaint rocky villages they today atop overlooking landscapes,32.675416165716115
243sentences.208,within_sent_random_lowPMI,and home were they intrigue the past to battles plots in,25.8680143819493
243sentences.209,within_sent_random_lowPMI,a a looming leaving saw we magnificent station on above built upon train cliff hotel our the castle,57.57833061271641
243sentences.210,within_sent_random_lowPMI,walls the outside feet river sheltered an courtyard the of hundreds inner above thick,47.15838278253589
243sentences.211,within_sent_random_lowPMI,incredible but tower our an view had scary slightly rooms,13.787182814313026
243sentences.212,within_sent_random_lowPMI,feet small side the a me the climbing after pyramid gestured entranceway man up of fifty black into the,41.71380607727504
243sentences.213,within_sent_random_lowPMI,center chamber at into pyramid's led the the this,15.376727230058204
243sentences.214,within_sent_random_lowPMI,steep dark narrow him followed the passage down i,26.093308727880643
243sentences.215,within_sent_random_lowPMI,the the the thick chalky was air and smell was pyramid inside,38.4623027949234
243sentences.216,within_sent_random_lowPMI,the more just the the pyramids of represented the king pride of tomb nation than,40.501956946009386
243sentences.217,within_sent_random_lowPMI,in their is the builders took the that craft evident care pyramid,29.819512719319874
243sentences.218,within_sent_random_lowPMI,fitted precisely polished pyramid until gleamed stones were structure the the covering together the and,37.98062346237164
243sentences.219,within_sent_random_lowPMI,of still constructed how mysteries the to architects are were working pyramids solve,37.4008277361504
243sentences.220,within_sent_random_lowPMI,the blocks raise think walls built ramps pyramid's were some inside stone to,31.97670772559775
243sentences.221,within_sent_random_lowPMI,ramps speculate the the zigzagged of exterior pyramid that others up walls,16.20010455813282
243sentences.222,within_sent_random_lowPMI,takes and climbing even beginner courage strength rock,9.431414389723326
243sentences.223,within_sent_random_lowPMI,learning large climbers on who the sport boulders are scrambling try can,24.91672258159468
243sentences.224,within_sent_random_lowPMI,ropes they're they that begin climb safely faces using can comfortable rock to vertical with once,37.883899066202076
243sentences.225,within_sent_random_lowPMI,boys the on to all were trip rock of the new climbing,32.464478043103966
243sentences.226,within_sent_random_lowPMI,of many afraid were heights,14.426798918087544
243sentences.227,within_sent_random_lowPMI,knots someone helped and down check else having calm harnesses their them,23.654492449841666
243sentences.228,within_sent_random_lowPMI,set climbing beginners adults appropriate routes for the up,19.360231751036448
243sentences.229,within_sent_random_lowPMI,is rock one of free-climbing style particular climbing,18.55068957946466
243sentences.230,within_sent_random_lowPMI,skill relies the her rock and on face ascend physical climber a solely to strength,36.698419343540934
243sentences.231,within_sent_random_lowPMI,rope equipment only bolts are and the used,16.551261903139185
243sentences.232,within_sent_random_lowPMI,falls the they she only to meant climber are stop if,21.743638952530237
243sentences.233,within_sent_random_lowPMI,me buddies convinced steep skied my hesitantly trail that to try down the i,25.971510442765318
243sentences.234,within_sent_random_lowPMI,myself tumbling i and made down turn i a found bad,20.236552593188623
243sentences.235,within_sent_random_lowPMI,stop slope a to a i the part finally flat at of came,22.692032764615426
243sentences.236,within_sent_random_lowPMI,snow my poles be drift were the in a up and nowhere to my skis hill lodged found were,45.478881778831465
243sentences.237,within_sent_random_lowPMI,ski a how strength skiers use they of major poles is professional,18.955606583445803
243sentences.238,within_sent_random_lowPMI,and use balance proper skiing their of to their ski adds flair improves poles,40.32563283265935
243sentences.239,within_sent_random_lowPMI,movements for regain it upper body lost while need balance skiing minimizes the to,28.588703315038753
243sentences.240,within_sent_random_lowPMI,ski new turn stiffer and designs let more skiers boots quickly,22.076561536473
243sentences.241,within_sent_random_lowPMI,turns the and the twisting but increase force legs faster on tighter,35.147110085536795
243sentences.242,within_sent_random_lowPMI,particularly has to ligaments to more the skier's in knee this injuries led,22.38856886232981
384sentences.0,within_sent_random_lowPMI,portable an musical two accordion with is a instrument keyboards,25.68424755147139
384sentences.1,within_sent_random_lowPMI,keyboard notes used for one other chords is for individual the,32.03941596350232
384sentences.2,within_sent_random_lowPMI,that blow with through sound produce accordions bellows air reeds,20.462866758350337
384sentences.3,within_sent_random_lowPMI,the keyboards accordionist both opening plays closing bellows while an and,24.340341184726118
384sentences.4,within_sent_random_lowPMI,is apartment that home part building self-contained a of a is an,26.985660386615738
384sentences.5,within_sent_random_lowPMI,kitchen or as have one bathroom as more rooms and apartment well may a a an,24.846713370104798
384sentences.6,within_sent_random_lowPMI,some are for single people others apartments for families,23.169722492569854
384sentences.7,within_sent_random_lowPMI,space have garage the storage can or a building a laundry facility extra,51.530753101333865
384sentences.8,within_sent_random_lowPMI,green a apple that an be yellow fruit can or red is,42.62913787343877
384sentences.9,within_sent_random_lowPMI,pulp apples a skin and crisp seeds thin inside sweet have,36.150951795321994
384sentences.10,within_sent_random_lowPMI,cider very are make apples to some used tart,28.75051820630372
384sentences.11,within_sent_random_lowPMI,can roasted or pies in eaten be raw baked apples,56.182914179965906
384sentences.12,within_sent_random_lowPMI,or criminal burning wildland of act the is building arson a,32.06515253721389
384sentences.13,within_sent_random_lowPMI,fire was a fire arson accident or determines a investigation caused if by,45.32646646177682
384sentences.14,within_sent_random_lowPMI,cause be or collect done can to arson insurance to others damage,32.740759542588584
384sentences.15,within_sent_random_lowPMI,of harmed the depends people were whether crime the severity on,27.505855615282996
384sentences.16,within_sent_random_lowPMI,transporting a an wheeled for is automobile car passengers or vehicle,39.891846579033924
384sentences.17,within_sent_random_lowPMI,engine a by a be gasoline powered electric can or car,42.31944488445999
384sentences.18,within_sent_random_lowPMI,other car roads just steers on the sit the passengers driver,34.04185386877693
384sentences.19,within_sent_random_lowPMI,of of automobiles vary number size trunk type in and doors the,32.17107251623045
384sentences.20,within_sent_random_lowPMI,wood a axe tool and is to the cut split used,27.353333438068198
384sentences.21,within_sent_random_lowPMI,a consists attached axe a head usually handle to of the,25.030517713542622
384sentences.22,within_sent_random_lowPMI,were axe then of made historically and metal stone heads,19.891065816105282
384sentences.23,within_sent_random_lowPMI,and used axes entering firemen buildings woodcutters are by,22.314407459355827
384sentences.24,within_sent_random_lowPMI,a edible inside grows long is with soft in a bunchs banana a fruit that,40.56472998110992
384sentences.25,within_sent_random_lowPMI,and have yellow be red banana spots a when ripe or small can purple brown,56.47839414298007
384sentences.26,within_sent_random_lowPMI,producers india such countries the are ecuador tropical or as greatest,13.076176824194135
384sentences.27,within_sent_random_lowPMI,potatoes plantains bananas often staple and cooked and foods unripe are like,41.29870960017203
384sentences.28,within_sent_random_lowPMI,to in have place as piece sleep or bed of is sex a a a furniture used,30.173336864114237
384sentences.29,within_sent_random_lowPMI,and sheets box a spring plus a and made a covers bed of is mattress pillows,49.48858295383867
384sentences.30,within_sent_random_lowPMI,air water airbeds the filled filled and in it with waterbeds with is is in mattress,26.46032284554521
384sentences.31,within_sent_random_lowPMI,type hammock above the bed is fabric sling the of a another suspended ground,47.76216343729603
384sentences.32,within_sent_random_lowPMI,a insect and black bee a legs a body flying is with and yellow six,54.58045275376154
384sentences.33,within_sent_random_lowPMI,honey make spread as nectar flowers between they to collect bees pollen,40.66062842797297
384sentences.34,within_sent_random_lowPMI,are hive in colony social a located a live and together insects bees in,44.93144606143344
384sentences.35,within_sent_random_lowPMI,they bees if many feel have attack and threatened stingers can,24.545731657880587
384sentences.36,within_sent_random_lowPMI,bicycle and frame is on two vehicle pedals a a a with wheels,38.87124242091632
384sentences.37,within_sent_random_lowPMI,pedalling is saddle of bicycle cyclist propelled the a the on by a,39.40374319011479
384sentences.38,within_sent_random_lowPMI,an inner rubber full air have with the tube of wheels tires,36.00029691034248
384sentences.39,within_sent_random_lowPMI,racing recreation transportation people use for and bicycles,22.320518260183672
384sentences.40,within_sent_random_lowPMI,blacksmith objects iron steel creates a by or forging,31.23211873205119
384sentences.41,within_sent_random_lowPMI,and an shape hammers its a iron anvil on to hot bends change blacksmith,38.89625705239501
384sentences.42,within_sent_random_lowPMI,apron handle with tongs blacksmiths thick a and wears the metal,36.35836261760432
384sentences.43,within_sent_random_lowPMI,weapons blacksmiths like shoes furniture horse objects make or iron,27.064215238923364
384sentences.44,within_sent_random_lowPMI,used kitchen or mix puree to a a is blender ingredients food appliance,45.79490628635085
384sentences.45,within_sent_random_lowPMI,blade or glass with a a bottom blenders plastic container in have the rotating,49.98526005316657
384sentences.46,within_sent_random_lowPMI,milk fruit to are blenders and shakes make smoothies used,19.8839700918424
384sentences.47,within_sent_random_lowPMI,with also ice alcoholic are crushed cold make to blenders drinks used,34.982644365247396
384sentences.48,within_sent_random_lowPMI,has young is child male undergone a not who a puberty boy,41.86821574551693
384sentences.49,within_sent_random_lowPMI,used the is indicate relative distinctions sex to to term girls,29.022097949957576
384sentences.50,within_sent_random_lowPMI,fight play rough each other traditionally to games like with and boys,39.562175007662844
384sentences.51,within_sent_random_lowPMI,adult as boy is male to often immaturely a an behaving referred,22.950670143509498
384sentences.52,within_sent_random_lowPMI,cabbage the is a family broccoli in plant,24.277883566019717
384sentences.53,within_sent_random_lowPMI,thick flower green and has a tough head stalk a broccoli,54.58952343384698
384sentences.54,within_sent_random_lowPMI,nutrients vitamins is high and broccoli in fiber other,22.00753720660121
384sentences.55,within_sent_random_lowPMI,or raw can stir-fried boiled broccoli be eaten,34.55094840051669
384sentences.56,within_sent_random_lowPMI,flying with a a insect four large butterfly is wings,40.60179311367582
384sentences.57,within_sent_random_lowPMI,can butterflies patterned very of and wings be colorful the,24.919732981230478
384sentences.58,within_sent_random_lowPMI,transformation is butterfly metamorphosis into of the a caterpillar a,42.26096748611592
384sentences.59,within_sent_random_lowPMI,wings because people some butterflies their colorful of collect,34.338609423442904
384sentences.60,within_sent_random_lowPMI,laborer or carpenter wood is artist works who a an manual with,34.364294578888405
384sentences.61,within_sent_random_lowPMI,objects other houses carpenters boats furniture repair and and build,39.63878104383079
384sentences.62,within_sent_random_lowPMI,saws hammers carpenters pliers tools such and planes use as,22.728941534950124
384sentences.63,within_sent_random_lowPMI,makes musical is carpenter and instruments repairs that a a luthier,23.37159039710297
384sentences.64,within_sent_random_lowPMI,legs furry with a four and tail are cats animals small,48.661823936938774
384sentences.65,within_sent_random_lowPMI,themselves cats fur to groom their licking by like,27.286895255018486
384sentences.66,within_sent_random_lowPMI,fed hunt but are can or owners by their often mice cats birds,35.40096182582066
384sentences.67,within_sent_random_lowPMI,that retractable sharp keep cats are the so claws they of,26.839014125991632
384sentences.68,within_sent_random_lowPMI,sit designed furniture a is on of chair to for people a piece,30.06806492942814
384sentences.69,within_sent_random_lowPMI,seat level supported a chairs of by raised above consist legs floor,28.599673436998263
384sentences.70,within_sent_random_lowPMI,have well as cushion and arm can back a also chairs rests as,31.338108258197327
384sentences.71,within_sent_random_lowPMI,vehicles seats places located chairs in like are in or fixed cinemas,35.64356672668578
384sentences.72,within_sent_random_lowPMI,musical a a clarinet instrument is woodwind,26.400490135865816
384sentences.73,within_sent_random_lowPMI,bottom flare at is black long with clarinet a tube a a the,40.11211302769597
384sentences.74,within_sent_random_lowPMI,holes keys by chooses the notes pressing player and,16.67867156142715
384sentences.75,within_sent_random_lowPMI,music used clarinet the classical is and in jazz both,30.592780028957574
384sentences.76,within_sent_random_lowPMI,a colder the atlantic fish in areas is lives of a cod the that,35.39129064411484
384sentences.77,within_sent_random_lowPMI,cod easily and white flesh when and is flakes cooked mild-tasting,37.23574123811945
384sentences.78,within_sent_random_lowPMI,used fresh salted chips for dishes for cod and fish elaborate is cod,65.51454262131385
384sentences.79,within_sent_random_lowPMI,has and the of since been the vikings cod time caught traded salted,26.38836234335605
384sentences.80,within_sent_random_lowPMI,coffee from coffee the seeds coffee plant is the of beans made,48.858390896657546
384sentences.81,within_sent_random_lowPMI,drink a countries in hot and served popular is many coffee usually,40.7111419931429
384sentences.82,within_sent_random_lowPMI,drug that mild a called awake caffeine contains coffee people keeps,28.757272515868944
384sentences.83,within_sent_random_lowPMI,export is world's the coffee seventh-largest agricultural legal,15.871309631239582
384sentences.84,within_sent_random_lowPMI,almost natural where falls a a no is environment desert rain,27.819554867092275
384sentences.85,within_sent_random_lowPMI,filled sand usually or are deserts rocks dunes with hot,40.847625862122634
384sentences.86,within_sent_random_lowPMI,some in adapted animals live have and deserts plants to,37.50136763290274
384sentences.87,within_sent_random_lowPMI,is the biggest hot sahara northern the in africa desert,31.214054925659948
384sentences.88,within_sent_random_lowPMI,furniture desk with sometimes for at a working a used a of is computer piece,42.4247421687867
384sentences.89,within_sent_random_lowPMI,made metal a and or a has of flat can plastic wood desk be surface,39.911784433154246
384sentences.90,within_sent_random_lowPMI,and papers may to drawers a supplies have store desk,16.149134858741437
384sentences.91,within_sent_random_lowPMI,by a desk three surrounded a of cubicle consists sides on partitions,34.654665074318096
384sentences.92,within_sent_random_lowPMI,exit a barrier door an is from movable to area a or enclosed entrance,44.64705818352579
384sentences.93,within_sent_random_lowPMI,pass gets doors most have who them control through locks to to,18.904524520395533
384sentences.94,within_sent_random_lowPMI,pulling after a doors handle most pushing opened they are or by unlocked are,31.33104400507718
384sentences.95,within_sent_random_lowPMI,chamber of types can revolving slide other of or a doors consist,26.770665410957168
384sentences.96,within_sent_random_lowPMI,wear is dress of piece clothing a a women that sometimes,33.929711123671495
384sentences.97,within_sent_random_lowPMI,to shirt a a skirt a matching dress attached is like long,46.39735154194614
384sentences.98,within_sent_random_lowPMI,is dress as dance or usually such wedding formal worn a a occasions at a,38.12333468364872
384sentences.99,within_sent_random_lowPMI,stairs it be a a bike can or to hard in dress climb ride,29.873230480846747
384sentences.100,within_sent_random_lowPMI,driving effects alcohol the the act under drunk of is of driving,30.117085261317172
384sentences.101,within_sent_random_lowPMI,most the vehicle in crime world of drunk of any is driving a,32.645909893311696
384sentences.102,within_sent_random_lowPMI,almost deaths vehicle-related role a of it in half all plays,19.22434496972617
384sentences.103,within_sent_random_lowPMI,tests caught by drivers breathing field sobriety drunk are and,23.57685957521852
384sentences.104,within_sent_random_lowPMI,lack rain shortage by the persistent of water is of a caused drought supply a,57.4897032055687
384sentences.105,within_sent_random_lowPMI,plants to crops stop cause and die drought growing and will,27.50860100132956
384sentences.106,within_sent_random_lowPMI,eventually areas drought extreme cause into turn famine desert and will,32.741194224415466
384sentences.107,within_sent_random_lowPMI,away to bowls of people large from dust have migrate numbers,25.00848052240136
384sentences.108,within_sent_random_lowPMI,are the birds day of have large eyesight hunt that very during prey and eagles good,36.1666609304412
384sentences.109,within_sent_random_lowPMI,hooked sharp and flesh beaks talons for legs have strong eagles tearing,45.014764326912776
384sentences.110,within_sent_random_lowPMI,fish eagles mammals small others in species and eyries eat and live some,44.91137022703785
384sentences.111,within_sent_random_lowPMI,is bright bald united the the white has national head eagle of a and the bird states,43.21280700257915
384sentences.112,within_sent_random_lowPMI,and structures other ground down can and buildings shake the knock earthquakes,35.25752802898782
384sentences.113,within_sent_random_lowPMI,the trigger can volcanic and shaking landslides activity also,21.59891087563806
384sentences.114,within_sent_random_lowPMI,in release caused the earth's the most by energy crust are earthquakes of,28.60575877769203
384sentences.115,within_sent_random_lowPMI,at sea earthquake the can and tsunami an displace seabed a cause,28.39352398195957
384sentences.116,within_sent_random_lowPMI,land weighing of are mammal elephants largest tons kind the several,36.757225437624435
384sentences.117,within_sent_random_lowPMI,elephant which a nose a things an long called grab trunk can has or food,24.338360348388857
384sentences.118,within_sent_random_lowPMI,into of has objects for trees or ivory elephant the pair digging a tusks moving,44.34064154473449
384sentences.119,within_sent_random_lowPMI,elephant and large the the to its them cool its body flaps in blood ears,38.96582007326712
384sentences.120,within_sent_random_lowPMI,light sensing coding organ cortex and an the the it visual is for for eye,39.41859346119511
384sentences.121,within_sent_random_lowPMI,and complex motion can have most texture detect animals eyes which color,18.211689204213354
384sentences.122,within_sent_random_lowPMI,of of the is sensitive part center human the and it fovea eye most the the,45.85052544138816
384sentences.123,within_sent_random_lowPMI,insects eyes facing in eye have many units up compound of made directions,25.175267797594337
384sentences.124,within_sent_random_lowPMI,plants used land or raise grow is a farm animals to for food,40.77849070746993
384sentences.125,within_sent_random_lowPMI,produce farmers the people the and run decide are farm what to who,30.07252735660501
384sentences.126,within_sent_random_lowPMI,for barn and a have a farms a house usually silo farmers,27.71181570567067
384sentences.127,within_sent_random_lowPMI,farm many farmers the a share cooperative and is where equipment a land,39.092848564597894
384sentences.128,within_sent_random_lowPMI,fingers have on thumb and each primates usually a hand four,20.973752700847466
384sentences.129,within_sent_random_lowPMI,and grasping other are writing grooming for activities fingers used,30.02014162883218
384sentences.130,within_sent_random_lowPMI,fingertips are pressure temperature vibration to the and sensitive,18.6131979140686
384sentences.131,within_sent_random_lowPMI,tip the the the grown or and finger can nail decorated of protects be,28.712835043235888
384sentences.132,within_sent_random_lowPMI,an land of an of that inhabited is water a expanse submerges overflow flood,33.386478222442825
384sentences.133,within_sent_random_lowPMI,earthquakes snow rapid flood at well melt caused or heavy as by be as sea can rain,29.936654280822307
384sentences.134,within_sent_random_lowPMI,break dams river in a its out will a channel of levees and or flow flood,52.00540470271413
384sentences.135,within_sent_random_lowPMI,a during diseases water the causes evacuate contaminated people flood and,28.025763431652408
384sentences.136,within_sent_random_lowPMI,a horizontal inside floor for a used surface a building on is walking,39.4594431207866
384sentences.137,within_sent_random_lowPMI,bare tile wooden be concrete made floorboards may of or floors linoleum,52.88285511763135
384sentences.138,within_sent_random_lowPMI,dampen comfort floor often a and people to put carpets noise for on,24.941772551657852
384sentences.139,within_sent_random_lowPMI,under the buildings has floor and electrical it often pipes in wiring,24.53873195641341
384sentences.140,within_sent_random_lowPMI,foot a body end leg a part the of a on is,34.10771583736001
384sentences.141,within_sent_random_lowPMI,running walking use people straight feet or when standing their,26.373595153898957
384sentences.142,within_sent_random_lowPMI,both use sports and people kick feet also fighting to their in,24.52137551353877
384sentences.143,within_sent_random_lowPMI,for related have many feet rules behavior cultures to,11.059254694873195
384sentences.144,within_sent_random_lowPMI,of is trees density an a canopy cover area high and a forest with,49.98016647996857
384sentences.145,within_sent_random_lowPMI,the of depends location rainfall its type in and on temperature forest,37.646375237126115
384sentences.146,within_sent_random_lowPMI,as has various as well trees animals ecosystem plants types a ground forest and of,31.918841025701973
384sentences.147,within_sent_random_lowPMI,the forests down of is regeneration disregarding cutting deforestation,20.183472680973694
384sentences.148,within_sent_random_lowPMI,with is for several a fork tool and solid eating a tines a foods handle,45.24562897866697
384sentences.149,within_sent_random_lowPMI,disposable forks metal made if of or usually plastic are,23.67748434193703
384sentences.150,within_sent_random_lowPMI,to while in hold to are place food forks cutting to or food the lift mouth used,36.672630190215884
384sentences.151,within_sent_random_lowPMI,western forks used foods cultures for there special kinds are and are various in,35.228748712933125
384sentences.152,within_sent_random_lowPMI,frying sloping is small pan with a a pan and handle sides a,56.52720958689206
384sentences.153,within_sent_random_lowPMI,brown frying is and a fry used sear pan to food,42.77889288922218
384sentences.154,within_sent_random_lowPMI,covering cooked the the the oil bottom food of pan is on,37.4338165930538
384sentences.155,within_sent_random_lowPMI,are frying iron steel made teflon-clad of or pans,23.38463271193771
384sentences.156,within_sent_random_lowPMI,is female reached human girl who not yet a maturity has a,30.329754823809672
384sentences.157,within_sent_random_lowPMI,develops at of a girl that puberty body into woman the a of,37.58484682494268
384sentences.158,within_sent_random_lowPMI,girls and like with games social often dolls playing,26.792534378865124
384sentences.159,within_sent_random_lowPMI,girls skirts sometimes hair dresses wear and long and grow,42.74757700278208
384sentences.160,within_sent_random_lowPMI,glove the is piece clothing covers of a fingers a hand and that,30.24973839174569
384sentences.161,within_sent_random_lowPMI,material or made wool lined cold against to of protect gloves are waterproof,44.61721101921933
384sentences.162,within_sent_random_lowPMI,or are latex from shield used disposable rubber hands germs gloves chemicals to or,46.24044332780939
384sentences.163,within_sent_random_lowPMI,a fingers is are where glove mitten four together kind covered of a the,21.823425955211448
384sentences.164,within_sent_random_lowPMI,an an a tool deliver used impact to to a is object hammer,39.20407161429977
384sentences.165,within_sent_random_lowPMI,into wood most hammer to drive often is nails a used,33.292994832494806
384sentences.166,within_sent_random_lowPMI,to nails the remove be head claw on used the can,24.40124187208363
384sentences.167,within_sent_random_lowPMI,the of vary the and handle head length in hammers shape,22.294963762361
384sentences.168,within_sent_random_lowPMI,used explosive a against hand as people a grenade weapon an is,33.82739055001137
384sentences.169,within_sent_random_lowPMI,hand and after timed to grenades are a that explode thrown bit,14.169290799867245
384sentences.170,within_sent_random_lowPMI,can launchers fired shoulder from also or rifles grenades be,24.87649986677573
384sentences.171,within_sent_random_lowPMI,of a tear disperse thrown middle gas mob grenades are into it the to,31.460474713498268
384sentences.172,within_sent_random_lowPMI,a horse mammal legs large is long a with muscular hoofed four,45.231375506268044
384sentences.173,within_sent_random_lowPMI,a neck a tail usually gray and and on mane brown is or has its horse a,53.70408476843575
384sentences.174,within_sent_random_lowPMI,for used and horses travel have work entertainment draft been,15.143971333337172
384sentences.175,within_sent_random_lowPMI,trots or a it human ride a horse walks can while gallops,30.381494455226658
384sentences.176,within_sent_random_lowPMI,are go when people be to injured sick hospitals they to or healed,29.213738832191755
384sentences.177,within_sent_random_lowPMI,staffed surgeons and professional physicians are hospitals nurses by,30.787014801246535
384sentences.178,within_sent_random_lowPMI,some specialist there leaving same for day diagnosis patients go therapy or the,23.7979031554575
384sentences.179,within_sent_random_lowPMI,some weeks operations stay have treatments for for patients several to or,33.443660481894
384sentences.180,within_sent_random_lowPMI,building structure or for house a or people a families is to in permanent live,37.9703193312108
384sentences.181,within_sent_random_lowPMI,roof let keep out light rain house windows a cold has and and to walls to and in a,40.09010851436853
384sentences.182,within_sent_random_lowPMI,house for or purposes can a sleeping rooms have cooking washing like,37.391492167548535
384sentences.183,within_sent_random_lowPMI,back and work leave house night come sleep eat the to to and people at most,36.019585559544524
384sentences.184,within_sent_random_lowPMI,snow a an of by shelter inuit is made blocks from of type igloo,31.359503411745354
384sentences.185,within_sent_random_lowPMI,the are in where snow covers land the igloos time of places built most,43.20975990677814
384sentences.186,within_sent_random_lowPMI,the shape igloos tunnel often entrance in with a dome are of built an,39.84227938400333
384sentences.187,within_sent_random_lowPMI,warms body pockets igloos air in the and heat space snow insulate,39.13174813463786
384sentences.188,within_sent_random_lowPMI,things sharp is used is cut edge tool a to a with a that knife,51.01073742080897
384sentences.189,within_sent_random_lowPMI,usually knives a handle and consist a modern metal made blade of of,39.127600534497645
384sentences.190,within_sent_random_lowPMI,in and also used have as instruments weapons knives rituals been,31.119990392863627
384sentences.191,within_sent_random_lowPMI,can attack knife by throwing to stabbing used slashing a be or,38.858502119189076
384sentences.192,within_sent_random_lowPMI,seeds family the a of are the lentils of legume plant,34.48109963272462
384sentences.193,within_sent_random_lowPMI,green lentils or can red black yellow brown be,40.80228881530224
384sentences.194,within_sent_random_lowPMI,are in used indian lentils cuisines and commonly mediterranean,24.53820266904217
384sentences.195,within_sent_random_lowPMI,boiling are of cooked great and protein by are lentils source a,20.281907430860077
384sentences.196,within_sent_random_lowPMI,a is climates lettuce a biennial temperate grown often leaf vegetable in plant as,43.947594134763285
384sentences.197,within_sent_random_lowPMI,raw cooked can or other eaten in salads and dishes lettuce be and cold,56.41554898660046
384sentences.198,within_sent_random_lowPMI,a for to grow crop fairly and is suitable easy beginners lettuce considered,33.640128171021054
384sentences.199,within_sent_random_lowPMI,some to taste most leaves are bitterness but bitter the lettuce bred remove,31.831726234264774
384sentences.200,within_sent_random_lowPMI,where and a kept a of is library place a documents books is media collection,35.186477908530165
384sentences.201,within_sent_random_lowPMI,organizing at finding libraries at and and work are experts librarians information,33.48936833158805
384sentences.202,within_sent_random_lowPMI,public go take books to to weeks libraries and people several borrow can for home,44.66254159790474
384sentences.203,within_sent_random_lowPMI,scholarly specialized academic have research and support libraries books,49.84252787419894
384sentences.204,within_sent_random_lowPMI,cabin from round small house built logs a log is a,51.732008743241074
384sentences.205,within_sent_random_lowPMI,frontier of symbol life origins and log a american humble cabin is,40.23984134574943
384sentences.206,within_sent_random_lowPMI,settlers used european were first log by as shelters cabins,31.014329101232896
384sentences.207,within_sent_random_lowPMI,log notch were the built ends logs joints at with cabins using,27.465768606051842
384sentences.208,within_sent_random_lowPMI,adult a a human male is man,21.783419771479167
384sentences.209,within_sent_random_lowPMI,a a through puberty boy man after becomes passing,29.524392459595642
384sentences.210,within_sent_random_lowPMI,with and is manhood masculinity associated virility,18.753304955984444
384sentences.211,within_sent_random_lowPMI,and from men body in women structure height weight differ,18.08093839924145
384sentences.212,within_sent_random_lowPMI,female feed milk a produced mammals to young is by their white liquid,30.128109284245753
384sentences.213,within_sent_random_lowPMI,fed before food can must be solid animals newborn they milk eat,31.376427857906002
384sentences.214,within_sent_random_lowPMI,dairy as milk made and from such products butter cheese are,40.172147520489844
384sentences.215,within_sent_random_lowPMI,liquid and called from produced is soybeans milk coconuts sometimes,31.00634724796627
384sentences.216,within_sent_random_lowPMI,emit a that thin flying small mosquitos sound insects are high-pitched,28.848723881193074
384sentences.217,within_sent_random_lowPMI,have and for the piercing mosquitoes animals plants skin of mouthparts,20.637081656225053
384sentences.218,within_sent_random_lowPMI,bite female protein suck and animals blood and their for mosquitoes people,38.19960561702673
384sentences.219,within_sent_random_lowPMI,diseases bites malaria and fever spread can mosquito other yellow parasite,49.17692977826624
384sentences.220,within_sent_random_lowPMI,mountain above steeply landform that land a surrounding a rises is,24.48110182009799
384sentences.221,within_sent_random_lowPMI,top higher snow sometimes than the hills have at mountains rise and,32.16611874914936
384sentences.222,within_sent_random_lowPMI,a tectonic plate of to forms mountains collision range due,28.330319379572483
384sentences.223,within_sent_random_lowPMI,climb who hike people are mountaineers up mountains or,24.115414374915012
384sentences.224,within_sent_random_lowPMI,we in the we face mouth food cavity put the when eat is,26.229306187251343
384sentences.225,within_sent_random_lowPMI,mix and chew with the it food to teeth saliva has mouth,28.958807169812346
384sentences.226,within_sent_random_lowPMI,and mouth used for talking the also kissing is,15.103584479512124
384sentences.227,within_sent_random_lowPMI,placement speech are mouth tongue in sounds by controlled the,14.95393517932959
384sentences.228,within_sent_random_lowPMI,drinking a sturdy mug a liquids a is with handle for hot cup,59.534607040164175
384sentences.229,within_sent_random_lowPMI,normally of also mug glass is metal be but made or can ceramic a,36.65782456090764
384sentences.230,within_sent_random_lowPMI,insulation a mug for a and ring is thermal thick has base,38.187561754452055
384sentences.231,within_sent_random_lowPMI,imprinted or or have be can plain on mugs drawings them carved,25.97348503212293
384sentences.232,within_sent_random_lowPMI,being with of unlawful murder is human killing intent another the,32.47616485495232
384sentences.233,within_sent_random_lowPMI,of murder it a the victim because serious existence their crime deprives,37.227708112186214
384sentences.234,within_sent_random_lowPMI,or in self-defense not killing murder war is accidentally in considered,19.791066092743293
384sentences.235,within_sent_random_lowPMI,convicted given sentence often penalty the or a a death life is murderer,32.788475197565425
384sentences.236,within_sent_random_lowPMI,orange from orange made liquid drink juice pulp the a in is,50.40467482551399
384sentences.237,within_sent_random_lowPMI,a of acid juice sweet and c lot a contains has orange vitamin taste,40.631982160442064
384sentences.238,within_sent_random_lowPMI,often orange well freshly pulp squeezed as juice contains,41.66402534633593
384sentences.239,within_sent_random_lowPMI,drunk breakfast a orange is from glass often juice at,27.709461905323657
384sentences.240,within_sent_random_lowPMI,and bird parrot warm tropical is that a in lives a regions,46.30036947240957
384sentences.241,within_sent_random_lowPMI,parrots beak a have brightly-colored and sharp curved feathers,26.473256008720842
384sentences.242,within_sent_random_lowPMI,they imitate human it the can repeatedly voice if parrots hear,20.300153046324414
384sentences.243,within_sent_random_lowPMI,and their pets makes popular abilities appearance them,16.491451357406543
384sentences.244,within_sent_random_lowPMI,peach smell is a orange-yellow a characteristic with an fruit,27.857858590507966
384sentences.245,within_sent_random_lowPMI,skin the small is and fine of thin peach a covered in hairs,43.30038991978525
384sentences.246,within_sent_random_lowPMI,stone have peaches inside contains which large red-brown seed the a,22.28289369170476
384sentences.247,within_sent_random_lowPMI,after are and sweet and be peaches must ripening delicate harvested,32.863274396255484
384sentences.248,within_sent_random_lowPMI,musical is means popular played the keyboard a a of instrument piano by,38.77145736831276
384sentences.249,within_sent_random_lowPMI,a key hit vibrating felt-tipped to a causes a steel string hammer pressing piano,54.211240635897596
384sentences.250,within_sent_random_lowPMI,enormous quality an change the the note pedals sound and range piano has to,37.71817215823384
384sentences.251,within_sent_random_lowPMI,solo piano famous is can large concerts repertoire give the pianists and,37.42154409707469
384sentences.252,within_sent_random_lowPMI,live small are american piranhas rivers fish in ferocious south that,22.498438434059963
384sentences.253,within_sent_random_lowPMI,attack schools in most piranhas during day are live and active and the,27.094868357500296
384sentences.254,within_sent_random_lowPMI,are sharp have carnivores teeth very and opportunistic piranhas,30.2561633676066
384sentences.255,within_sent_random_lowPMI,piranhas insects carrion lizards and mammals fish eat,37.97940556257244
384sentences.256,within_sent_random_lowPMI,or that forest fields is raspberry a in the clearings grows fruit,36.25188663522634
384sentences.257,within_sent_random_lowPMI,many consists fruits a of joined small single raspberry together,22.24941251544833
384sentences.258,within_sent_random_lowPMI,with or eaten sugar are into jam by themselves raspberries cooked,40.643994871170655
384sentences.259,within_sent_random_lowPMI,used raspberry are herbal or fresh dried of in teas the leaves,47.412018456029045
384sentences.260,within_sent_random_lowPMI,bird in is that raven thrives climates many black large a a,37.40861569712029
384sentences.261,within_sent_random_lowPMI,insects berries animals ravens on or small carrion feed,20.838939190852944
384sentences.262,within_sent_random_lowPMI,have are and solving of large ravens problem capable brains,15.36082250072865
384sentences.263,within_sent_random_lowPMI,of birds ill-omen and are in tricksters folklore also ravens,23.26183085780136
384sentences.264,within_sent_random_lowPMI,used refrigerator a and preserve is a contain food cooling device to,33.14692887239474
384sentences.265,within_sent_random_lowPMI,a compartment can refrigerators temperature have at small some freezing,27.297907619436327
384sentences.266,within_sent_random_lowPMI,different refrigerator small for types can of compartments a have food shelves and,35.2424197036691
384sentences.267,within_sent_random_lowPMI,magnets white is and refrigerator on its generally often a put people surface,24.473126312590882
384sentences.268,within_sent_random_lowPMI,with a a shoulder rests rifle the that has and twisting firearm a is grooves barrel on,59.436260697779595
384sentences.269,within_sent_random_lowPMI,around rifle spin the fly air make they bullets grooves the as through the the axis,54.36148802588722
384sentences.270,within_sent_random_lowPMI,with scopes rifles shooting in are hunting and sometimes used sports,39.351384589594026
384sentences.271,within_sent_random_lowPMI,can weapon rifles infantry bursts the in assault and are fire standard,32.96333941558669
384sentences.272,within_sent_random_lowPMI,water from to to is salmon ocean that back spawn a fresh the and migrates fish,39.06944493371532
384sentences.273,within_sent_random_lowPMI,high taste protein red content nice has orange and and is a salmon flesh or,43.31419822581204
384sentences.274,within_sent_random_lowPMI,other sushi poaching be or ways salmon in can in by eaten or cooked grilling raw,46.89858009768345
384sentences.275,within_sent_random_lowPMI,also farmed though in can caught most wild salmon the be is common it the fish,48.01142631651848
384sentences.276,within_sent_random_lowPMI,that blade a cut a hard tool materials wire is hard abrasive or saw to a uses,60.66409608891118
384sentences.277,within_sent_random_lowPMI,the small the along cutting side teeth of points called saw the are the sharp,48.88512460955495
384sentences.278,within_sent_random_lowPMI,hand gas by worked motor by engine saws electric be or or powered an can,46.27899580012672
384sentences.279,within_sent_random_lowPMI,extensively medicine forestry saws carpentry in construction are and used,19.194615023254038
384sentences.280,within_sent_random_lowPMI,scientist and new physical produces studies about world the a knowledge,33.755561564542624
384sentences.281,within_sent_random_lowPMI,a to and experiments creates does hypotheses scientist them test,20.96084536201682
384sentences.282,within_sent_random_lowPMI,and of classic chemistry are biology examples physics sciences,24.588089112644052
384sentences.283,within_sent_random_lowPMI,conferences journals publish scientists in and their research,31.470245918922853
384sentences.284,within_sent_random_lowPMI,cutting are instrument for scissors two-bladed a used,22.722824194983893
384sentences.285,within_sent_random_lowPMI,metallic metal are plastic blades the with usually handles or,43.62345570334092
384sentences.286,within_sent_random_lowPMI,depending scissors the and format can fabric hair on size or paper cut,34.539032262535805
384sentences.287,within_sent_random_lowPMI,shears of or pieces shrubs used scissors are large metal cutting for,51.45518366308226
384sentences.288,within_sent_random_lowPMI,tightening screwdriver inserting is something screws a a and tool for into,32.47238620782274
384sentences.289,within_sent_random_lowPMI,also to can screws after be screwdrivers are inserted used they remove,39.76562722132466
384sentences.290,within_sent_random_lowPMI,handle the rotating screwdriver applies the the from torque tip,37.89302790645142
384sentences.291,within_sent_random_lowPMI,screwdrivers and major types are phillips of the two flathead,25.498839137184248
384sentences.292,within_sent_random_lowPMI,a large a cartilage skeleton fish is with a shark,49.30199155703434
384sentences.293,within_sent_random_lowPMI,bodies sharks large dorsal have streamlined with fin a,34.193711925616796
384sentences.294,within_sent_random_lowPMI,jaws most sharks with on fish predate and powerful mammals,21.982781878416535
384sentences.295,within_sent_random_lowPMI,electrical very and have senses can sharks fields keen detect,17.813070728370512
384sentences.296,within_sent_random_lowPMI,ship water vehicle a a travels and is on large floats that,32.8501759256565
384sentences.297,within_sent_random_lowPMI,the ship sails in engines can by or powered be a steam ocean diesel,49.4713936244202
384sentences.298,within_sent_random_lowPMI,in ocean to the fish transport used cargo are to and containers ships,46.48626153494497
384sentences.299,within_sent_random_lowPMI,people that floating cruise hotels between cities take are ships,20.381500950175454
384sentences.300,within_sent_random_lowPMI,for is heel sole a an a clothing foot a shoe outsole the and with,26.74593215240011
384sentences.301,within_sent_random_lowPMI,rubber leather made canvas usually are or shoes plastic of,36.052349887062455
384sentences.302,within_sent_random_lowPMI,high many and in and have styles colors women's come shoes often heels,21.839270879227577
384sentences.303,within_sent_random_lowPMI,shoe and is sports a for sneaker athletic activity a,33.543603111510485
384sentences.304,within_sent_random_lowPMI,the member armed forces who a a fights of national is land on soldier,41.82354218518945
384sentences.305,within_sent_random_lowPMI,the soldier in camouflage wear militia a a must uniform usually,36.751124062116375
384sentences.306,within_sent_random_lowPMI,a in paid his soldier for or army is a her volunteer work,40.19692631894422
384sentences.307,within_sent_random_lowPMI,rifles as weapons a fights grenades such and using soldier,23.90166927413981
384sentences.308,within_sent_random_lowPMI,end are of spears weapons one head that sharpened at and a consist pole,35.71393133132616
384sentences.309,within_sent_random_lowPMI,the before common personal spears were of the weapon firearms advent most,26.99048168030609
384sentences.310,within_sent_random_lowPMI,were for spears or in used throwing when fighting stabbing war,25.866878024804226
384sentences.311,within_sent_random_lowPMI,use fishing native people still hunting for some the spear and,36.37667566079398
384sentences.312,within_sent_random_lowPMI,legs insects silk are that with eight make spiders,24.979832130636893
384sentences.313,within_sent_random_lowPMI,to spiders and with use insects webs them build catch silk,34.861860301654986
384sentences.314,within_sent_random_lowPMI,their fangs to use spiders stuck prey paralyse venomous,26.62141179406524
384sentences.315,within_sent_random_lowPMI,a be as as spiders as as or bird small coin can big a,44.297201774805146
384sentences.316,within_sent_random_lowPMI,spongy frequent to low subject swamps land are inundation,19.348959716355086
384sentences.317,within_sent_random_lowPMI,mud covered a water vegetation with and shallow swamp is,36.35863359595864
384sentences.318,within_sent_random_lowPMI,and breeding nesting are for swamps reptiles and birds grounds,30.20455839867407
384sentences.319,within_sent_random_lowPMI,drain produce arable fertile to swamps land often farmers,35.15617072254392
384sentences.320,within_sent_random_lowPMI,on garment the a heavy is for worn warmth torso a sweater,39.858592119858606
384sentences.321,within_sent_random_lowPMI,cotton common but is from sweaters are also often knitted wool,32.32626009076096
384sentences.322,within_sent_random_lowPMI,sweater that called front a opens a the cardigan down is,20.958752008023225
384sentences.323,within_sent_random_lowPMI,collar well sleeve in and as as shape differ cut sweaters decoration,20.84306649688993
384sentences.324,within_sent_random_lowPMI,flat piece is furniture a legs surface and a a table of with,43.82180864308873
384sentences.325,within_sent_random_lowPMI,around for usually to table there are people sit a chairs,23.555915721750267
384sentences.326,within_sent_random_lowPMI,on table to food meal people set a together and cutlery plates a eat,31.99832424231218
384sentences.327,within_sent_random_lowPMI,surfaces used tables work write on or are as also to,21.81605219252923
384sentences.328,within_sent_random_lowPMI,displays a images television appliance that with a an screen is moving,43.2224429691713
384sentences.329,within_sent_random_lowPMI,used films programs or televisions for are watching mostly,36.77255376656894
384sentences.330,within_sent_random_lowPMI,to they console a to used are videogames connected game when play,32.9558191380443
384sentences.331,within_sent_random_lowPMI,or cable broadcast internet received can or via be television content,54.828738451748094
384sentences.332,within_sent_random_lowPMI,property is consent the without of person's their taking theft,28.309898721813077
384sentences.333,within_sent_random_lowPMI,thieves to something receivers or it own to steal sell to,31.385386926784488
384sentences.334,within_sent_random_lowPMI,a theft jail and crime can fines with or be is punishable,31.40135541127743
384sentences.335,within_sent_random_lowPMI,theft industrial intellectual espionage is of and ideas property,30.82198688200795
384sentences.336,within_sent_random_lowPMI,heating toasting kitchen is a for using bread appliance a elements toaster,37.960340615810495
384sentences.337,within_sent_random_lowPMI,it bread done slot and the pop-up in once placed toast eject a toasters,29.901743793825222
384sentences.338,within_sent_random_lowPMI,the and tray toaster on control within have ovens temperature side a door a,32.36193116878501
384sentences.339,within_sent_random_lowPMI,bread like with to or cheese toppings be they allow garlic cooked,32.662484179035424
384sentences.340,within_sent_random_lowPMI,fruit taste red a a tomato and shiny is smooth with the savory,60.85660088408718
384sentences.341,within_sent_random_lowPMI,and more changes from a red softens gets color tomato as to green it ripe,49.1801706273847
384sentences.342,within_sent_random_lowPMI,sauce be salads or tomatoes well make to can as ketchup soup used as,39.096150877916045
384sentences.343,within_sent_random_lowPMI,many varieties with tastes there different sizes of and tomato are,36.28415501799852
384sentences.344,within_sent_random_lowPMI,series connected train that between is track a moves on a stations cars of a,40.49057417640115
384sentences.345,within_sent_random_lowPMI,locomotive train electricity the powered a is or by pulled diesel by,42.25229214895897
384sentences.346,within_sent_random_lowPMI,goods over containers transports long of or freight train fuel distances a,38.484317764357684
384sentences.347,within_sent_random_lowPMI,and between transport suburbs inside stations trains city people a commuter,23.464666181660167
384sentences.348,within_sent_random_lowPMI,passengers is train off where get train or place a on a station a,41.13604696513581
384sentences.349,within_sent_random_lowPMI,train or purchasing for stations have counters machines tickets,23.250173493088077
384sentences.350,within_sent_random_lowPMI,in rooms eat waiting station there places and a to are,26.595032654132137
384sentences.351,within_sent_random_lowPMI,enter next or passengers a cargo from the to trains platform line,35.08511954168252
384sentences.352,within_sent_random_lowPMI,tropical a tropical is over a warm sea formed storm cyclone,42.35677845034715
384sentences.353,within_sent_random_lowPMI,produce and torrential winds can powerful rain cyclones very,34.23075999698993
384sentences.354,within_sent_random_lowPMI,cause tropical coastal can also cyclone and flooding high waves,32.45769202203291
384sentences.355,within_sent_random_lowPMI,move tropical can seriously property inland a damage and cyclone,29.337384344353158
384sentences.356,within_sent_random_lowPMI,with is is played strings the an that four violin instrument with bow a,45.63832014326592
384sentences.357,within_sent_random_lowPMI,violin instrument and in smallest the is highest pitched its family,31.252753233261856
384sentences.358,within_sent_random_lowPMI,chin a the instrument and holds violinist the collarbone between the,26.62766811387853
384sentences.359,within_sent_random_lowPMI,different made bowing one are while the hand neck notes with by fingering,28.53162890524052
384sentences.360,within_sent_random_lowPMI,of vultures animals birds dead on are feeding the carcasses scavenging mostly,53.755931594238795
384sentences.361,within_sent_random_lowPMI,many vultures feathers head a heat have bald without losing for,23.92490717223392
384sentences.362,within_sent_random_lowPMI,use to without wings vultures for miles soar flapping large their,27.589303650318364
384sentences.363,within_sent_random_lowPMI,sick or attack animals the but may kill healthy vultures seldom wounded,30.16067126657148
384sentences.364,within_sent_random_lowPMI,and a an a sometimes solid area protects that defines structure is wall,33.0405310878864
384sentences.365,within_sent_random_lowPMI,rooms into building roof delineate walls divide and space the support the a,33.60762024178524
384sentences.366,within_sent_random_lowPMI,walls usually or well stone brick made drywall as as cement are of,20.90623968193877
384sentences.367,within_sent_random_lowPMI,earth retaining water of stone a barrier provide walls movement or to,41.52468663763094
384sentences.368,within_sent_random_lowPMI,common water 70% of area earth most the liquid on its covering is,32.436291907373
384sentences.369,within_sent_random_lowPMI,animals people order plants water in must to live drink and,37.62124259126366
384sentences.370,within_sent_random_lowPMI,temperature at and water solid a ice low freezes becomes,44.212002282897984
384sentences.371,within_sent_random_lowPMI,the falls in are is rain vapor from water which clouds sky condensed that,47.81997698709353
384sentences.372,within_sent_random_lowPMI,is a in ocean very mammal that whale lives large the a,34.543879765457504
384sentences.373,within_sent_random_lowPMI,heads breathe through when surfacing on blowholes their whales,29.278872611100685
384sentences.374,within_sent_random_lowPMI,serves the reservoir insulation blubber an energy a whale as and in as,27.493434200181923
384sentences.375,within_sent_random_lowPMI,hunted have oil and whales meat ambergris for whale been,33.03087284672765
384sentences.376,within_sent_random_lowPMI,opening a a wall let a light is in window through transparent to,34.77549514488908
384sentences.377,within_sent_random_lowPMI,place a of held window made by typical sheets in frames is of glass,33.88917073033068
384sentences.378,within_sent_random_lowPMI,open a also when let window sound and through air will,21.829613478881008
384sentences.379,within_sent_random_lowPMI,multiple to inside windows some have insulation increase panes,16.313815598208365
384sentences.380,within_sent_random_lowPMI,female a a is human adult woman,24.82930586831953
384sentences.381,within_sent_random_lowPMI,stereotypically caregiver as is woman a seen a,29.40471755861681
384sentences.382,within_sent_random_lowPMI,a pregnant and children can become bear woman,23.90677776670855
384sentences.383,within_sent_random_lowPMI,different a woman reproductive a has than organs man,25.27423854805993
